{
   "items":[
      {
		 "_id": "SICC",
		 "_tpl": "5d235bb686f77443f4331278",
		 "parentId": "hideout",
		 "slotId": "hideout",
		 "upd": {
			"UnlimitedCount": true,
			"StackObjectsCount": 999999999
		}
	  },

      {
		 "_id": "KeyTool",
		 "_tpl": "59fafd4b86f7745ca07e1232",
		 "parentId": "hideout",
		 "slotId": "hideout",
		 "upd": {
			"UnlimitedCount": true,
			"StackObjectsCount": 999999999
		}
	  },
      {
         "_id":"Cabinetkey",
         "_tpl":"5780d0652459777df90dcb74",
         "parentId":"hideout",
         "slotId":"hideout",
         "upd":{
            "UnlimitedCount":true,
            "StackObjectsCount":999999999
         }
      },
      {
         "_id":"Carkey",
         "_tpl":"59136f6f86f774447a1ed173",
         "parentId":"hideout",
         "slotId":"hideout",
         "upd":{
            "UnlimitedCount":true,
            "StackObjectsCount":999999999
         }
      },
      {
         "_id":"Cottagebackentrancekey",
         "_tpl":"5a0eb6ac86f7743124037a28",
         "parentId":"hideout",
         "slotId":"hideout",
         "upd":{
            "UnlimitedCount":true,
            "StackObjectsCount":999999999
         }
      },
      {
         "_id":"Cottagesafekey",
         "_tpl":"5a0f068686f7745b0d4ea242",
         "parentId":"hideout",
         "slotId":"hideout",
         "upd":{
            "UnlimitedCount":true,
            "StackObjectsCount":999999999
         }
      },
      {
         "_id":"Customsofficekey",
         "_tpl":"5780d0532459777a5108b9a2",
         "parentId":"hideout",
         "slotId":"hideout",
         "upd":{
            "UnlimitedCount":true,
            "StackObjectsCount":999999999
         }
      },
      {
         "_id":"Doorkey",
         "_tpl":"57a349b2245977762b199ec7",
         "parentId":"hideout",
         "slotId":"hideout",
         "upd":{
            "UnlimitedCount":true,
            "StackObjectsCount":999999999
         }
      },
      {
         "_id":"Dormguarddeskkey",
         "_tpl":"59136a4486f774447a1ed172",
         "parentId":"hideout",
         "slotId":"hideout",
         "upd":{
            "UnlimitedCount":true,
            "StackObjectsCount":999999999
         }
      },
      {
         "_id":"Dormroom103key",
         "_tpl":"5938994586f774523a425196",
         "parentId":"hideout",
         "slotId":"hideout",
         "upd":{
            "UnlimitedCount":true,
            "StackObjectsCount":999999999
         }
      },
      {
         "_id":"Dormroom104Key",
         "_tpl":"591383f186f7744a4c5edcf3",
         "parentId":"hideout",
         "slotId":"hideout",
         "upd":{
            "UnlimitedCount":true,
            "StackObjectsCount":999999999
         }
      },
      {
         "_id":"Dormroom105Key",
         "_tpl":"591382d986f774465a6413a7",
         "parentId":"hideout",
         "slotId":"hideout",
         "upd":{
            "UnlimitedCount":true,
            "StackObjectsCount":999999999
         }
      },
      {
         "_id":"Dormroom108Key",
         "_tpl":"5914578086f774123569ffa4",
         "parentId":"hideout",
         "slotId":"hideout",
         "upd":{
            "UnlimitedCount":true,
            "StackObjectsCount":999999999
         }
      },
      {
         "_id":"Dormroom110Key",
         "_tpl":"59136e1e86f774432f15d133",
         "parentId":"hideout",
         "slotId":"hideout",
         "upd":{
            "UnlimitedCount":true,
            "StackObjectsCount":999999999
         }
      },
      {
         "_id":"Dormroom114Key",
         "_tpl":"59387a4986f77401cc236e62",
         "parentId":"hideout",
         "slotId":"hideout",
         "upd":{
            "UnlimitedCount":true,
            "StackObjectsCount":999999999
         }
      },
      {
         "_id":"Dormroom118Key",
         "_tpl":"5672c92d4bdc2d180f8b4567",
         "parentId":"hideout",
         "slotId":"hideout",
         "upd":{
            "UnlimitedCount":true,
            "StackObjectsCount":999999999
         }
      },
      {
         "_id":"Dormroom203Key",
         "_tpl":"5938504186f7740991483f30",
         "parentId":"hideout",
         "slotId":"hideout",
         "upd":{
            "UnlimitedCount":true,
            "StackObjectsCount":999999999
         }
      },
      {
         "_id":"Dormroom204Key",
         "_tpl":"59148c8a86f774197930e983",
         "parentId":"hideout",
         "slotId":"hideout",
         "upd":{
            "UnlimitedCount":true,
            "StackObjectsCount":999999999
         }
      },
      {
         "_id":"Dormroom206Key",
         "_tpl":"5938603e86f77435642354f4",
         "parentId":"hideout",
         "slotId":"hideout",
         "upd":{
            "UnlimitedCount":true,
            "StackObjectsCount":999999999
         }
      },
      {
         "_id":"Dormroom214Key",
         "_tpl":"5780cf942459777df90dcb72",
         "parentId":"hideout",
         "slotId":"hideout",
         "upd":{
            "UnlimitedCount":true,
            "StackObjectsCount":999999999
         }
      },
      {
         "_id":"Dormroom218Key",
         "_tpl":"5780cf9e2459777df90dcb73",
         "parentId":"hideout",
         "slotId":"hideout",
         "upd":{
            "UnlimitedCount":true,
            "StackObjectsCount":999999999
         }
      },
      {
         "_id":"Dormroom220Key",
         "_tpl":"5780cfa52459777dfb276eb1",
         "parentId":"hideout",
         "slotId":"hideout",
         "upd":{
            "UnlimitedCount":true,
            "StackObjectsCount":999999999
         }
      },
      {
         "_id":"Dormroom303Key",
         "_tpl":"593aa4be86f77457f56379f8",
         "parentId":"hideout",
         "slotId":"hideout",
         "upd":{
            "UnlimitedCount":true,
            "StackObjectsCount":999999999
         }
      },
      {
         "_id":"Dormroom306Key",
         "_tpl":"5780cda02459777b272ede61",
         "parentId":"hideout",
         "slotId":"hideout",
         "upd":{
            "UnlimitedCount":true,
            "StackObjectsCount":999999999
         }
      },
      {
         "_id":"Dormroom308Key",
         "_tpl":"5780cf722459777a5108b9a1",
         "parentId":"hideout",
         "slotId":"hideout",
         "upd":{
            "UnlimitedCount":true,
            "StackObjectsCount":999999999
         }
      },
      {
         "_id":"Dormroom315Key",
         "_tpl":"5780cf692459777de4559321",
         "parentId":"hideout",
         "slotId":"hideout",
         "upd":{
            "UnlimitedCount":true,
            "StackObjectsCount":999999999
         }
      },
      {
         "_id":"Eastwingroom205key",
         "_tpl":"5a144bdb86f7741d374bbde0",
         "parentId":"hideout",
         "slotId":"hideout",
         "upd":{
            "UnlimitedCount":true,
            "StackObjectsCount":999999999
         }
      },
      {
         "_id":"Eastwingroom206key",
         "_tpl":"5a0ee4b586f7743698200d22",
         "parentId":"hideout",
         "slotId":"hideout",
         "upd":{
            "UnlimitedCount":true,
            "StackObjectsCount":999999999
         }
      },
      {
         "_id":"Eastwingroom209key",
         "_tpl":"5a0ee62286f774369454a7ac",
         "parentId":"hideout",
         "slotId":"hideout",
         "upd":{
            "UnlimitedCount":true,
            "StackObjectsCount":999999999
         }
      },
      {
         "_id":"Eastwingroom213key",
         "_tpl":"5a0ee72c86f77436955d3435",
         "parentId":"hideout",
         "slotId":"hideout",
         "upd":{
            "UnlimitedCount":true,
            "StackObjectsCount":999999999
         }
      },
      {
         "_id":"Eastwingroom216key",
         "_tpl":"5a0ee76686f7743698200d5c",
         "parentId":"hideout",
         "slotId":"hideout",
         "upd":{
            "UnlimitedCount":true,
            "StackObjectsCount":999999999
         }
      },
      {
         "_id":"Eastwingroom222key",
         "_tpl":"5a13f24186f77410e57c5626",
         "parentId":"hideout",
         "slotId":"hideout",
         "upd":{
            "UnlimitedCount":true,
            "StackObjectsCount":999999999
         }
      },
      {
         "_id":"Eastwingroom226key",
         "_tpl":"5a13f35286f77413ef1436b0",
         "parentId":"hideout",
         "slotId":"hideout",
         "upd":{
            "UnlimitedCount":true,
            "StackObjectsCount":999999999
         }
      },
      {
         "_id":"Eastwingroom306key",
         "_tpl":"5a145d4786f7744cbb6f4a12",
         "parentId":"hideout",
         "slotId":"hideout",
         "upd":{
            "UnlimitedCount":true,
            "StackObjectsCount":999999999
         }
      },
      {
         "_id":"Eastwingroom308key",
         "_tpl":"5a145d7b86f7744cbb6f4a13",
         "parentId":"hideout",
         "slotId":"hideout",
         "upd":{
            "UnlimitedCount":true,
            "StackObjectsCount":999999999
         }
      },
      {
         "_id":"Eastwingroom310key",
         "_tpl":"5a0eec9686f77402ac5c39f2",
         "parentId":"hideout",
         "slotId":"hideout",
         "upd":{
            "UnlimitedCount":true,
            "StackObjectsCount":999999999
         }
      },
      {
         "_id":"Eastwingroom313key",
         "_tpl":"5a0eecf686f7740350630097",
         "parentId":"hideout",
         "slotId":"hideout",
         "upd":{
            "UnlimitedCount":true,
            "StackObjectsCount":999999999
         }
      },
      {
         "_id":"Eastwingroom314key",
         "_tpl":"5a0eed4386f77405112912aa",
         "parentId":"hideout",
         "slotId":"hideout",
         "upd":{
            "UnlimitedCount":true,
            "StackObjectsCount":999999999
         }
      },
      {
         "_id":"Eastwingroom316key",
         "_tpl":"5a145ebb86f77458f1796f05",
         "parentId":"hideout",
         "slotId":"hideout",
         "upd":{
            "UnlimitedCount":true,
            "StackObjectsCount":999999999
         }
      },
      {
         "_id":"Eastwingroom322key",
         "_tpl":"5a0eedb386f77403506300be",
         "parentId":"hideout",
         "slotId":"hideout",
         "upd":{
            "UnlimitedCount":true,
            "StackObjectsCount":999999999
         }
      },
      {
         "_id":"Eastwingroom328key",
         "_tpl":"5a0eee1486f77402aa773226",
         "parentId":"hideout",
         "slotId":"hideout",
         "upd":{
            "UnlimitedCount":true,
            "StackObjectsCount":999999999
         }
      },
      {
         "_id":"Factoryexitkey",
         "_tpl":"5448ba0b4bdc2d02308b456c",
         "parentId":"hideout",
         "slotId":"hideout",
         "upd":{
            "UnlimitedCount":true,
            "StackObjectsCount":999999999
         }
      },
      {
         "_id":"Gasstationsafekey",
         "_tpl":"5a0f045e86f7745b0f0d0e42",
         "parentId":"hideout",
         "slotId":"hideout",
         "upd":{
            "UnlimitedCount":true,
            "StackObjectsCount":999999999
         }
      },
      {
         "_id":"Healthresortutilityroomkey",
         "_tpl":"5a0ea79b86f7741d4a35298e",
         "parentId":"hideout",
         "slotId":"hideout",
         "upd":{
            "UnlimitedCount":true,
            "StackObjectsCount":999999999
         }
      },
      {
         "_id":"Healthresortwarehousesafekey",
         "_tpl":"5a0f0f5886f7741c4e32a472",
         "parentId":"hideout",
         "slotId":"hideout",
         "upd":{
            "UnlimitedCount":true,
            "StackObjectsCount":999999999
         }
      },
      {
         "_id":"Keycardwithabluemarking",
         "_tpl":"5efde6b4f5448336730dbd61",
         "parentId":"hideout",
         "slotId":"hideout",
         "upd":{
            "UnlimitedCount":true,
            "StackObjectsCount":999999999
         }
      },
      {
         "_id":"KeytoEMERCOMmedicalunit",
         "_tpl":"5ad5db3786f7743568421cce",
         "parentId":"hideout",
         "slotId":"hideout",
         "upd":{
            "UnlimitedCount":true,
            "StackObjectsCount":999999999
         }
      },
      {
         "_id":"KeytoGoshancashregister",
         "_tpl":"5ad7247386f7747487619dc3",
         "parentId":"hideout",
         "slotId":"hideout",
         "upd":{
            "UnlimitedCount":true,
            "StackObjectsCount":999999999
         }
      },
      {
         "_id":"KeytoHEPstationstorage",
         "_tpl":"5d8e15b686f774445103b190",
         "parentId":"hideout",
         "slotId":"hideout",
         "upd":{
            "UnlimitedCount":true,
            "StackObjectsCount":999999999
         }
      },
      {
         "_id":"KeytoIDEAcashregister",
         "_tpl":"5ad7242b86f7740a6a3abd43",
         "parentId":"hideout",
         "slotId":"hideout",
         "upd":{
            "UnlimitedCount":true,
            "StackObjectsCount":999999999
         }
      },
      {
         "_id":"KeytoKIBAOutletgratedoor",
         "_tpl":"5addaffe86f77470b455f900",
         "parentId":"hideout",
         "slotId":"hideout",
         "upd":{
            "UnlimitedCount":true,
            "StackObjectsCount":999999999
         }
      },
      {
         "_id":"KeytoKIBAstoreoutlet",
         "_tpl":"5ad5d7d286f77450166e0a89",
         "parentId":"hideout",
         "slotId":"hideout",
         "upd":{
            "UnlimitedCount":true,
            "StackObjectsCount":999999999
         }
      },
      {
         "_id":"KeytoOLIadministratoroffice",
         "_tpl":"5ad5ccd186f774446d5706e9",
         "parentId":"hideout",
         "slotId":"hideout",
         "upd":{
            "UnlimitedCount":true,
            "StackObjectsCount":999999999
         }
      },
      {
         "_id":"KeytoOLIcashregister",
         "_tpl":"5ad7217186f7746744498875",
         "parentId":"hideout",
         "slotId":"hideout",
         "upd":{
            "UnlimitedCount":true,
            "StackObjectsCount":999999999
         }
      },
      {
         "_id":"KeytoOLIlogisticsdepartmentoffice",
         "_tpl":"5ad5cfbd86f7742c825d6104",
         "parentId":"hideout",
         "slotId":"hideout",
         "upd":{
            "UnlimitedCount":true,
            "StackObjectsCount":999999999
         }
      },
      {
         "_id":"Keytopharmacy",
         "_tpl":"5ad5d64486f774079b080af8",
         "parentId":"hideout",
         "slotId":"hideout",
         "upd":{
            "UnlimitedCount":true,
            "StackObjectsCount":999999999
         }
      },
      {
         "_id":"Keytostoresafe",
         "_tpl":"5a0f075686f7745bcc42ee12",
         "parentId":"hideout",
         "slotId":"hideout",
         "upd":{
            "UnlimitedCount":true,
            "StackObjectsCount":999999999
         }
      },
      {
         "_id":"KeytoutilityroomofOLIoutlet",
         "_tpl":"5ad5d20586f77449be26d877",
         "parentId":"hideout",
         "slotId":"hideout",
         "upd":{
            "UnlimitedCount":true,
            "StackObjectsCount":999999999
         }
      },
      {
         "_id":"Keytoutilityroomofpowersubstation",
         "_tpl":"5ad5d49886f77455f9731921",
         "parentId":"hideout",
         "slotId":"hideout",
         "upd":{
            "UnlimitedCount":true,
            "StackObjectsCount":999999999
         }
      },
      {
         "_id":"Keywithtape",
         "_tpl":"5eff09cd30a7dc22fd1ddfed",
         "parentId":"hideout",
         "slotId":"hideout",
         "upd":{
            "UnlimitedCount":true,
            "StackObjectsCount":999999999
         }
      },
      {
         "_id":"KeyZB014",
         "_tpl":"591afe0186f77431bd616a11",
         "parentId":"hideout",
         "slotId":"hideout",
         "upd":{
            "UnlimitedCount":true,
            "StackObjectsCount":999999999
         }
      },
      {
         "_id":"LabBlackkeycard",
         "_tpl":"5c1d0f4986f7744bb01837fa",
         "parentId":"hideout",
         "slotId":"hideout",
         "upd":{
            "UnlimitedCount":true,
            "StackObjectsCount":999999999
         }
      },
      {
         "_id":"LabBluekeycard",
         "_tpl":"5c1d0c5f86f7744bb2683cf0",
         "parentId":"hideout",
         "slotId":"hideout",
         "upd":{
            "UnlimitedCount":true,
            "StackObjectsCount":999999999
         }
      },
      {
         "_id":"LabGreenkeycard",
         "_tpl":"5c1d0dc586f7744baf2e7b79",
         "parentId":"hideout",
         "slotId":"hideout",
         "upd":{
            "UnlimitedCount":true,
            "StackObjectsCount":999999999
         }
      },
      {
         "_id":"LabkeyArsenalstorageroom",
         "_tpl":"5c1f79a086f7746ed066fb8f",
         "parentId":"hideout",
         "slotId":"hideout",
         "upd":{
            "UnlimitedCount":true,
            "StackObjectsCount":999999999
         }
      },
      {
         "_id":"LabkeyManageroffice",
         "_tpl":"5c1e2a1e86f77431ea0ea84c",
         "parentId":"hideout",
         "slotId":"hideout",
         "upd":{
            "UnlimitedCount":true,
            "StackObjectsCount":999999999
         }
      },
      {
         "_id":"LabkeyTestingareaweap",
         "_tpl":"5c1e2d1f86f77431e9280bee",
         "parentId":"hideout",
         "slotId":"hideout",
         "upd":{
            "UnlimitedCount":true,
            "StackObjectsCount":999999999
         }
      },
      {
         "_id":"LabRedkeycard",
         "_tpl":"5c1d0efb86f7744baf2e7b7b",
         "parentId":"hideout",
         "slotId":"hideout",
         "upd":{
            "UnlimitedCount":true,
            "StackObjectsCount":999999999
         }
      },
      {
         "_id":"LabVioletkeycard",
         "_tpl":"5c1e495a86f7743109743dfb",
         "parentId":"hideout",
         "slotId":"hideout",
         "upd":{
            "UnlimitedCount":true,
            "StackObjectsCount":999999999
         }
      },
      {
         "_id":"LabYellowkeycard",
         "_tpl":"5c1d0d6d86f7744bb2683e1f",
         "parentId":"hideout",
         "slotId":"hideout",
         "upd":{
            "UnlimitedCount":true,
            "StackObjectsCount":999999999
         }
      },
      {
         "_id":"Markedkey",
         "_tpl":"5780cf7f2459777de4559322",
         "parentId":"hideout",
         "slotId":"hideout",
         "upd":{
            "UnlimitedCount":true,
            "StackObjectsCount":999999999
         }
      },
      {
         "_id":"Militarybasecheckpointkey",
         "_tpl":"5913915886f774123603c392",
         "parentId":"hideout",
         "slotId":"hideout",
         "upd":{
            "UnlimitedCount":true,
            "StackObjectsCount":999999999
         }
      },
      {
         "_id":"Object11SRkeycard",
         "_tpl":"5e42c81886f7742a01529f57",
         "parentId":"hideout",
         "slotId":"hideout",
         "upd":{
            "UnlimitedCount":true,
            "StackObjectsCount":999999999
         }
      },
      {
         "_id":"Object21WSkeycard",
         "_tpl":"5e42c83786f7742a021fdf3c",
         "parentId":"hideout",
         "slotId":"hideout",
         "upd":{
            "UnlimitedCount":true,
            "StackObjectsCount":999999999
         }
      },
      {
         "_id":"Office104Westwingkey",
         "_tpl":"5a0dc45586f7742f6b0b73e3",
         "parentId":"hideout",
         "slotId":"hideout",
         "upd":{
            "UnlimitedCount":true,
            "StackObjectsCount":999999999
         }
      },
      {
         "_id":"Office107Eastwingkey",
         "_tpl":"5a0ea64786f7741707720468",
         "parentId":"hideout",
         "slotId":"hideout",
         "upd":{
            "UnlimitedCount":true,
            "StackObjectsCount":999999999
         }
      },
      {
         "_id":"Office108Eastwingkey",
         "_tpl":"5a0ea69f86f7741cd5406619",
         "parentId":"hideout",
         "slotId":"hideout",
         "upd":{
            "UnlimitedCount":true,
            "StackObjectsCount":999999999
         }
      },
      {
         "_id":"Office112Westwingkey",
         "_tpl":"5a0dc95c86f77452440fc675",
         "parentId":"hideout",
         "slotId":"hideout",
         "upd":{
            "UnlimitedCount":true,
            "StackObjectsCount":999999999
         }
      },
      {
         "_id":"Portablecabinkey",
         "_tpl":"5780d07a2459777de4559324",
         "parentId":"hideout",
         "slotId":"hideout",
         "upd":{
            "UnlimitedCount":true,
            "StackObjectsCount":999999999
         }
      },
      {
         "_id":"RBAKkey",
         "_tpl":"5d80c78786f774403a401e3e",
         "parentId":"hideout",
         "slotId":"hideout",
         "upd":{
            "UnlimitedCount":true,
            "StackObjectsCount":999999999
         }
      },
      {
         "_id":"RBAMkey",
         "_tpl":"5d80c88d86f77440556dbf07",
         "parentId":"hideout",
         "slotId":"hideout",
         "upd":{
            "UnlimitedCount":true,
            "StackObjectsCount":999999999
         }
      },
      {
         "_id":"RBAOkey",
         "_tpl":"5d80c66d86f774405611c7d6",
         "parentId":"hideout",
         "slotId":"hideout",
         "upd":{
            "UnlimitedCount":true,
            "StackObjectsCount":999999999
         }
      },
      {
         "_id":"RBBKkey",
         "_tpl":"5d80c60f86f77440373c4ece",
         "parentId":"hideout",
         "slotId":"hideout",
         "upd":{
            "UnlimitedCount":true,
            "StackObjectsCount":999999999
         }
      },
      {
         "_id":"RBGNkey",
         "_tpl":"5d8e3ecc86f774414c78d05e",
         "parentId":"hideout",
         "slotId":"hideout",
         "upd":{
            "UnlimitedCount":true,
            "StackObjectsCount":999999999
         }
      },
      {
         "_id":"RBKORLkey",
         "_tpl":"5d8e0db586f7744450412a42",
         "parentId":"hideout",
         "slotId":"hideout",
         "upd":{
            "UnlimitedCount":true,
            "StackObjectsCount":999999999
         }
      },
      {
         "_id":"RBKPRLkey",
         "_tpl":"5d8e0e0e86f774321140eb56",
         "parentId":"hideout",
         "slotId":"hideout",
         "upd":{
            "UnlimitedCount":true,
            "StackObjectsCount":999999999
         }
      },
      {
         "_id":"RBKSMkey",
         "_tpl":"5d947d4e86f774447b415895",
         "parentId":"hideout",
         "slotId":"hideout",
         "upd":{
            "UnlimitedCount":true,
            "StackObjectsCount":999999999
         }
      },
      {
         "_id":"RBMP11key",
         "_tpl":"5d80c93086f7744036212b41",
         "parentId":"hideout",
         "slotId":"hideout",
         "upd":{
            "UnlimitedCount":true,
            "StackObjectsCount":999999999
         }
      },
      {
         "_id":"RBMP12key",
         "_tpl":"5d80c95986f77440351beef3",
         "parentId":"hideout",
         "slotId":"hideout",
         "upd":{
            "UnlimitedCount":true,
            "StackObjectsCount":999999999
         }
      },
      {
         "_id":"RBMP21key",
         "_tpl":"5d80ca9086f774403a401e40",
         "parentId":"hideout",
         "slotId":"hideout",
         "upd":{
            "UnlimitedCount":true,
            "StackObjectsCount":999999999
         }
      },
      {
         "_id":"RBMP22key",
         "_tpl":"5d80cab086f77440535be201",
         "parentId":"hideout",
         "slotId":"hideout",
         "upd":{
            "UnlimitedCount":true,
            "StackObjectsCount":999999999
         }
      },
      {
         "_id":"RBOBkey",
         "_tpl":"5d80c6c586f77440351beef1",
         "parentId":"hideout",
         "slotId":"hideout",
         "upd":{
            "UnlimitedCount":true,
            "StackObjectsCount":999999999
         }
      },
      {
         "_id":"RBOPkey",
         "_tpl":"5d80c8f586f77440373c4ed0",
         "parentId":"hideout",
         "slotId":"hideout",
         "upd":{
            "UnlimitedCount":true,
            "StackObjectsCount":999999999
         }
      },
      {
         "_id":"RBORB1key",
         "_tpl":"5d80ccac86f77470841ff452",
         "parentId":"hideout",
         "slotId":"hideout",
         "upd":{
            "UnlimitedCount":true,
            "StackObjectsCount":999999999
         }
      },
      {
         "_id":"RBORB2key",
         "_tpl":"5d80ccdd86f77474f7575e02",
         "parentId":"hideout",
         "slotId":"hideout",
         "upd":{
            "UnlimitedCount":true,
            "StackObjectsCount":999999999
         }
      },
      {
         "_id":"RBORB3key",
         "_tpl":"5d80cd1a86f77402aa362f42",
         "parentId":"hideout",
         "slotId":"hideout",
         "upd":{
            "UnlimitedCount":true,
            "StackObjectsCount":999999999
         }
      },
      {
         "_id":"RBPKPMkey",
         "_tpl":"5ede7a8229445733cb4c18e2",
         "parentId":"hideout",
         "slotId":"hideout",
         "upd":{
            "UnlimitedCount":true,
            "StackObjectsCount":999999999
         }
      },
      {
         "_id":"RBPPkey",
         "_tpl":"5d80cb8786f774405611c7d9",
         "parentId":"hideout",
         "slotId":"hideout",
         "upd":{
            "UnlimitedCount":true,
            "StackObjectsCount":999999999
         }
      },
      {
         "_id":"RBPS81key",
         "_tpl":"5d80cb5686f77440545d1286",
         "parentId":"hideout",
         "slotId":"hideout",
         "upd":{
            "UnlimitedCount":true,
            "StackObjectsCount":999999999
         }
      },
      {
         "_id":"RBPS82key",
         "_tpl":"5d95d6be86f77424444eb3a7",
         "parentId":"hideout",
         "slotId":"hideout",
         "upd":{
            "UnlimitedCount":true,
            "StackObjectsCount":999999999
         }
      },
      {
         "_id":"RBPSP1key",
         "_tpl":"5d80cb3886f77440556dbf09",
         "parentId":"hideout",
         "slotId":"hideout",
         "upd":{
            "UnlimitedCount":true,
            "StackObjectsCount":999999999
         }
      },
      {
         "_id":"RBPSP2key",
         "_tpl":"5d95d6fa86f77424484aa5e9",
         "parentId":"hideout",
         "slotId":"hideout",
         "upd":{
            "UnlimitedCount":true,
            "StackObjectsCount":999999999
         }
      },
      {
         "_id":"RBRHkey",
         "_tpl":"5da5cdcd86f774529238fb9b",
         "parentId":"hideout",
         "slotId":"hideout",
         "upd":{
            "UnlimitedCount":true,
            "StackObjectsCount":999999999
         }
      },
      {
         "_id":"RBRLSSAkey",
         "_tpl":"5ede7b0c6d23e5473e6e8c66",
         "parentId":"hideout",
         "slotId":"hideout",
         "upd":{
            "UnlimitedCount":true,
            "StackObjectsCount":999999999
         }
      },
      {
         "_id":"RBRSkey",
         "_tpl":"5da46e3886f774653b7a83fe",
         "parentId":"hideout",
         "slotId":"hideout",
         "upd":{
            "UnlimitedCount":true,
            "StackObjectsCount":999999999
         }
      },
      {
         "_id":"RBSMPkey",
         "_tpl":"5d947d3886f774447b415893",
         "parentId":"hideout",
         "slotId":"hideout",
         "upd":{
            "UnlimitedCount":true,
            "StackObjectsCount":999999999
         }
      },
      {
         "_id":"RBSTkey",
         "_tpl":"5d9f1fa686f774726974a992",
         "parentId":"hideout",
         "slotId":"hideout",
         "upd":{
            "UnlimitedCount":true,
            "StackObjectsCount":999999999
         }
      },
      {
         "_id":"RBTBkey",
         "_tpl":"5d80c6fc86f774403a401e3c",
         "parentId":"hideout",
         "slotId":"hideout",
         "upd":{
            "UnlimitedCount":true,
            "StackObjectsCount":999999999
         }
      },
      {
         "_id":"RBVOkey",
         "_tpl":"5d80c62a86f7744036212b3f",
         "parentId":"hideout",
         "slotId":"hideout",
         "upd":{
            "UnlimitedCount":true,
            "StackObjectsCount":999999999
         }
      },
      {
         "_id":"Shturmankey",
         "_tpl":"5d08d21286f774736e7c94c3",
         "parentId":"hideout",
         "slotId":"hideout",
         "upd":{
            "UnlimitedCount":true,
            "StackObjectsCount":999999999
         }
      },
      {
         "_id":"SMWcarkey",
         "_tpl":"5a0eb38b86f774153b320eb0",
         "parentId":"hideout",
         "slotId":"hideout",
         "upd":{
            "UnlimitedCount":true,
            "StackObjectsCount":999999999
         }
      },
      {
         "_id":"TerraGroupLabsaccesskeycard",
         "_tpl":"5c94bbff86f7747ee735c08f",
         "parentId":"hideout",
         "slotId":"hideout",
         "upd":{
            "UnlimitedCount":true,
            "StackObjectsCount":999999999
         }
      },
      {
         "_id":"Thekeytotheclosedpremisesofthesanatorium",
         "_tpl":"5a0448bc86f774736f14efa8",
         "parentId":"hideout",
         "slotId":"hideout",
         "upd":{
            "UnlimitedCount":true,
            "StackObjectsCount":999999999
         }
      },
      {
         "_id":"Thekeytothegasstationstorageroom",
         "_tpl":"5913877a86f774432f15d444",
         "parentId":"hideout",
         "slotId":"hideout",
         "upd":{
            "UnlimitedCount":true,
            "StackObjectsCount":999999999
         }
      },
      {
         "_id":"ULTRAmedicalstoragekey",
         "_tpl":"5e42c71586f7747f245e1343",
         "parentId":"hideout",
         "slotId":"hideout",
         "upd":{
            "UnlimitedCount":true,
            "StackObjectsCount":999999999
         }
      },
      {
         "_id":"Unknownkey",
         "_tpl":"593962ca86f774068014d9af",
         "parentId":"hideout",
         "slotId":"hideout",
         "upd":{
            "UnlimitedCount":true,
            "StackObjectsCount":999999999
         }
      },
      {
         "_id":"USECstashonCustomskey",
         "_tpl":"5da743f586f7744014504f72",
         "parentId":"hideout",
         "slotId":"hideout",
         "upd":{
            "UnlimitedCount":true,
            "StackObjectsCount":999999999
         }
      },
      {
         "_id":"Weatherstationsafekey",
         "_tpl":"5a0f006986f7741ffd2fe484",
         "parentId":"hideout",
         "slotId":"hideout",
         "upd":{
            "UnlimitedCount":true,
            "StackObjectsCount":999999999
         }
      },
      {
         "_id":"Westwingroom203key",
         "_tpl":"5a144dfd86f77445cb5a0982",
         "parentId":"hideout",
         "slotId":"hideout",
         "upd":{
            "UnlimitedCount":true,
            "StackObjectsCount":999999999
         }
      },
      {
         "_id":"Westwingroom205key",
         "_tpl":"5a0ec6d286f7742c0b518fb5",
         "parentId":"hideout",
         "slotId":"hideout",
         "upd":{
            "UnlimitedCount":true,
            "StackObjectsCount":999999999
         }
      },
      {
         "_id":"Westwingroom207key",
         "_tpl":"5a0ec70e86f7742c0b518fba",
         "parentId":"hideout",
         "slotId":"hideout",
         "upd":{
            "UnlimitedCount":true,
            "StackObjectsCount":999999999
         }
      },
      {
         "_id":"Westwingroom216key",
         "_tpl":"5a0ee30786f774023b6ee08f",
         "parentId":"hideout",
         "slotId":"hideout",
         "upd":{
            "UnlimitedCount":true,
            "StackObjectsCount":999999999
         }
      },
      {
         "_id":"Westwingroom218key",
         "_tpl":"5a13eebd86f7746fd639aa93",
         "parentId":"hideout",
         "slotId":"hideout",
         "upd":{
            "UnlimitedCount":true,
            "StackObjectsCount":999999999
         }
      },
      {
         "_id":"Westwingroom219key",
         "_tpl":"5a13ef0686f7746e5a411744",
         "parentId":"hideout",
         "slotId":"hideout",
         "upd":{
            "UnlimitedCount":true,
            "StackObjectsCount":999999999
         }
      },
      {
         "_id":"Westwingroom220key",
         "_tpl":"5a0ee34586f774023b6ee092",
         "parentId":"hideout",
         "slotId":"hideout",
         "upd":{
            "UnlimitedCount":true,
            "StackObjectsCount":999999999
         }
      },
      {
         "_id":"Westwingroom221key",
         "_tpl":"5a0ee37f86f774023657a86f",
         "parentId":"hideout",
         "slotId":"hideout",
         "upd":{
            "UnlimitedCount":true,
            "StackObjectsCount":999999999
         }
      },
      {
         "_id":"Westwingroom222key",
         "_tpl":"5a1452ee86f7746f33111763",
         "parentId":"hideout",
         "slotId":"hideout",
         "upd":{
            "UnlimitedCount":true,
            "StackObjectsCount":999999999
         }
      },
      {
         "_id":"Westwingroom301key",
         "_tpl":"5a13ef7e86f7741290491063",
         "parentId":"hideout",
         "slotId":"hideout",
         "upd":{
            "UnlimitedCount":true,
            "StackObjectsCount":999999999
         }
      },
      {
         "_id":"Westwingroom303key",
         "_tpl":"5a0eeb1a86f774688b70aa5c",
         "parentId":"hideout",
         "slotId":"hideout",
         "upd":{
            "UnlimitedCount":true,
            "StackObjectsCount":999999999
         }
      },
      {
         "_id":"Westwingroom306key",
         "_tpl":"5a13f46386f7741dd7384b04",
         "parentId":"hideout",
         "slotId":"hideout",
         "upd":{
            "UnlimitedCount":true,
            "StackObjectsCount":999999999
         }
      },
      {
         "_id":"Westwingroom309key",
         "_tpl":"5a0eeb8e86f77461257ed71a",
         "parentId":"hideout",
         "slotId":"hideout",
         "upd":{
            "UnlimitedCount":true,
            "StackObjectsCount":999999999
         }
      },
      {
         "_id":"Westwingroom323key",
         "_tpl":"5a13ee1986f774794d4c14cd",
         "parentId":"hideout",
         "slotId":"hideout",
         "upd":{
            "UnlimitedCount":true,
            "StackObjectsCount":999999999
         }
      },
      {
         "_id":"Westwingroom325key",
         "_tpl":"5a0eebed86f77461230ddb3d",
         "parentId":"hideout",
         "slotId":"hideout",
         "upd":{
            "UnlimitedCount":true,
            "StackObjectsCount":999999999
         }
      },
      {
         "_id":"Yototacarkey",
         "_tpl":"591ae8f986f77406f854be45",
         "parentId":"hideout",
         "slotId":"hideout",
         "upd":{
            "UnlimitedCount":true,
            "StackObjectsCount":999999999
         }
      }
   ],
   "barter_scheme":{

		"SICC": [
		  [
			{
			  "count": 100,
			  "_tpl": "5449016a4bdc2d6f028b456f"
			}
		  ]
		],
		"KeyTool": [
		  [
			{
			  "count": 100,
			  "_tpl": "5449016a4bdc2d6f028b456f"
			}
		  ]
		],
      "CabinetkeyInBag":[
         [
            {
               "count":1,
               "_tpl":"5449016a4bdc2d6f028b456f"
            }
         ]
      ],
      "Cabinetkey":[
         [
            {
               "count":100,
               "_tpl":"5449016a4bdc2d6f028b456f"
            }
         ]
      ],
      "Carkey":[
         [
            {
               "count":100,
               "_tpl":"5449016a4bdc2d6f028b456f"
            }
         ]
      ],
      "Cottagebackentrancekey":[
         [
            {
               "count":100,
               "_tpl":"5449016a4bdc2d6f028b456f"
            }
         ]
      ],
      "Cottagesafekey":[
         [
            {
               "count":100,
               "_tpl":"5449016a4bdc2d6f028b456f"
            }
         ]
      ],
      "Customsofficekey":[
         [
            {
               "count":100,
               "_tpl":"5449016a4bdc2d6f028b456f"
            }
         ]
      ],
      "Doorkey":[
         [
            {
               "count":100,
               "_tpl":"5449016a4bdc2d6f028b456f"
            }
         ]
      ],
      "Dormguarddeskkey":[
         [
            {
               "count":100,
               "_tpl":"5449016a4bdc2d6f028b456f"
            }
         ]
      ],
      "Dormroom103key":[
         [
            {
               "count":100,
               "_tpl":"5449016a4bdc2d6f028b456f"
            }
         ]
      ],
      "Dormroom104Key":[
         [
            {
               "count":100,
               "_tpl":"5449016a4bdc2d6f028b456f"
            }
         ]
      ],
      "Dormroom105Key":[
         [
            {
               "count":100,
               "_tpl":"5449016a4bdc2d6f028b456f"
            }
         ]
      ],
      "Dormroom108Key":[
         [
            {
               "count":100,
               "_tpl":"5449016a4bdc2d6f028b456f"
            }
         ]
      ],
      "Dormroom110Key":[
         [
            {
               "count":100,
               "_tpl":"5449016a4bdc2d6f028b456f"
            }
         ]
      ],
      "Dormroom114Key":[
         [
            {
               "count":100,
               "_tpl":"5449016a4bdc2d6f028b456f"
            }
         ]
      ],
      "Dormroom118Key":[
         [
            {
               "count":100,
               "_tpl":"5449016a4bdc2d6f028b456f"
            }
         ]
      ],
      "Dormroom203Key":[
         [
            {
               "count":100,
               "_tpl":"5449016a4bdc2d6f028b456f"
            }
         ]
      ],
      "Dormroom204Key":[
         [
            {
               "count":100,
               "_tpl":"5449016a4bdc2d6f028b456f"
            }
         ]
      ],
      "Dormroom206Key":[
         [
            {
               "count":100,
               "_tpl":"5449016a4bdc2d6f028b456f"
            }
         ]
      ],
      "Dormroom214Key":[
         [
            {
               "count":100,
               "_tpl":"5449016a4bdc2d6f028b456f"
            }
         ]
      ],
      "Dormroom218Key":[
         [
            {
               "count":100,
               "_tpl":"5449016a4bdc2d6f028b456f"
            }
         ]
      ],
      "Dormroom220Key":[
         [
            {
               "count":100,
               "_tpl":"5449016a4bdc2d6f028b456f"
            }
         ]
      ],
      "Dormroom303Key":[
         [
            {
               "count":100,
               "_tpl":"5449016a4bdc2d6f028b456f"
            }
         ]
      ],
      "Dormroom306Key":[
         [
            {
               "count":100,
               "_tpl":"5449016a4bdc2d6f028b456f"
            }
         ]
      ],
      "Dormroom308Key":[
         [
            {
               "count":100,
               "_tpl":"5449016a4bdc2d6f028b456f"
            }
         ]
      ],
      "Dormroom315Key":[
         [
            {
               "count":100,
               "_tpl":"5449016a4bdc2d6f028b456f"
            }
         ]
      ],
      "Eastwingroom205key":[
         [
            {
               "count":100,
               "_tpl":"5449016a4bdc2d6f028b456f"
            }
         ]
      ],
      "Eastwingroom206key":[
         [
            {
               "count":100,
               "_tpl":"5449016a4bdc2d6f028b456f"
            }
         ]
      ],
      "Eastwingroom209key":[
         [
            {
               "count":100,
               "_tpl":"5449016a4bdc2d6f028b456f"
            }
         ]
      ],
      "Eastwingroom213key":[
         [
            {
               "count":100,
               "_tpl":"5449016a4bdc2d6f028b456f"
            }
         ]
      ],
      "Eastwingroom216key":[
         [
            {
               "count":100,
               "_tpl":"5449016a4bdc2d6f028b456f"
            }
         ]
      ],
      "Eastwingroom222key":[
         [
            {
               "count":100,
               "_tpl":"5449016a4bdc2d6f028b456f"
            }
         ]
      ],
      "Eastwingroom226key":[
         [
            {
               "count":100,
               "_tpl":"5449016a4bdc2d6f028b456f"
            }
         ]
      ],
      "Eastwingroom306key":[
         [
            {
               "count":100,
               "_tpl":"5449016a4bdc2d6f028b456f"
            }
         ]
      ],
      "Eastwingroom308key":[
         [
            {
               "count":100,
               "_tpl":"5449016a4bdc2d6f028b456f"
            }
         ]
      ],
      "Eastwingroom310key":[
         [
            {
               "count":100,
               "_tpl":"5449016a4bdc2d6f028b456f"
            }
         ]
      ],
      "Eastwingroom313key":[
         [
            {
               "count":100,
               "_tpl":"5449016a4bdc2d6f028b456f"
            }
         ]
      ],
      "Eastwingroom314key":[
         [
            {
               "count":100,
               "_tpl":"5449016a4bdc2d6f028b456f"
            }
         ]
      ],
      "Eastwingroom316key":[
         [
            {
               "count":100,
               "_tpl":"5449016a4bdc2d6f028b456f"
            }
         ]
      ],
      "Eastwingroom322key":[
         [
            {
               "count":100,
               "_tpl":"5449016a4bdc2d6f028b456f"
            }
         ]
      ],
      "Eastwingroom328key":[
         [
            {
               "count":100,
               "_tpl":"5449016a4bdc2d6f028b456f"
            }
         ]
      ],
      "Factoryexitkey":[
         [
            {
               "count":100,
               "_tpl":"5449016a4bdc2d6f028b456f"
            }
         ]
      ],
      "Gasstationsafekey":[
         [
            {
               "count":100,
               "_tpl":"5449016a4bdc2d6f028b456f"
            }
         ]
      ],
      "Healthresortutilityroomkey":[
         [
            {
               "count":100,
               "_tpl":"5449016a4bdc2d6f028b456f"
            }
         ]
      ],
      "Healthresortwarehousesafekey":[
         [
            {
               "count":100,
               "_tpl":"5449016a4bdc2d6f028b456f"
            }
         ]
      ],
      "Keycardwithabluemarking":[
         [
            {
               "count":100,
               "_tpl":"5449016a4bdc2d6f028b456f"
            }
         ]
      ],
      "KeytoEMERCOMmedicalunit":[
         [
            {
               "count":100,
               "_tpl":"5449016a4bdc2d6f028b456f"
            }
         ]
      ],
      "KeytoGoshancashregister":[
         [
            {
               "count":100,
               "_tpl":"5449016a4bdc2d6f028b456f"
            }
         ]
      ],
      "KeytoHEPstationstorage":[
         [
            {
               "count":100,
               "_tpl":"5449016a4bdc2d6f028b456f"
            }
         ]
      ],
      "KeytoIDEAcashregister":[
         [
            {
               "count":100,
               "_tpl":"5449016a4bdc2d6f028b456f"
            }
         ]
      ],
      "KeytoKIBAOutletgratedoor":[
         [
            {
               "count":100,
               "_tpl":"5449016a4bdc2d6f028b456f"
            }
         ]
      ],
      "KeytoKIBAstoreoutlet":[
         [
            {
               "count":100,
               "_tpl":"5449016a4bdc2d6f028b456f"
            }
         ]
      ],
      "KeytoOLIadministratoroffice":[
         [
            {
               "count":100,
               "_tpl":"5449016a4bdc2d6f028b456f"
            }
         ]
      ],
      "KeytoOLIcashregister":[
         [
            {
               "count":100,
               "_tpl":"5449016a4bdc2d6f028b456f"
            }
         ]
      ],
      "KeytoOLIlogisticsdepartmentoffice":[
         [
            {
               "count":100,
               "_tpl":"5449016a4bdc2d6f028b456f"
            }
         ]
      ],
      "Keytopharmacy":[
         [
            {
               "count":100,
               "_tpl":"5449016a4bdc2d6f028b456f"
            }
         ]
      ],
      "Keytostoresafe":[
         [
            {
               "count":100,
               "_tpl":"5449016a4bdc2d6f028b456f"
            }
         ]
      ],
      "KeytoutilityroomofOLIoutlet":[
         [
            {
               "count":100,
               "_tpl":"5449016a4bdc2d6f028b456f"
            }
         ]
      ],
      "Keytoutilityroomofpowersubstation":[
         [
            {
               "count":100,
               "_tpl":"5449016a4bdc2d6f028b456f"
            }
         ]
      ],
      "Keywithtape":[
         [
            {
               "count":100,
               "_tpl":"5449016a4bdc2d6f028b456f"
            }
         ]
      ],
      "KeyZB014":[
         [
            {
               "count":100,
               "_tpl":"5449016a4bdc2d6f028b456f"
            }
         ]
      ],
      "LabBlackkeycard":[
         [
            {
               "count":100,
               "_tpl":"5449016a4bdc2d6f028b456f"
            }
         ]
      ],
      "LabBluekeycard":[
         [
            {
               "count":100,
               "_tpl":"5449016a4bdc2d6f028b456f"
            }
         ]
      ],
      "LabGreenkeycard":[
         [
            {
               "count":100,
               "_tpl":"5449016a4bdc2d6f028b456f"
            }
         ]
      ],
      "LabkeyArsenalstorageroom":[
         [
            {
               "count":100,
               "_tpl":"5449016a4bdc2d6f028b456f"
            }
         ]
      ],
      "LabkeyManageroffice":[
         [
            {
               "count":100,
               "_tpl":"5449016a4bdc2d6f028b456f"
            }
         ]
      ],
      "LabkeyTestingareaweap":[
         [
            {
               "count":100,
               "_tpl":"5449016a4bdc2d6f028b456f"
            }
         ]
      ],
      "LabRedkeycard":[
         [
            {
               "count":100,
               "_tpl":"5449016a4bdc2d6f028b456f"
            }
         ]
      ],
      "LabVioletkeycard":[
         [
            {
               "count":100,
               "_tpl":"5449016a4bdc2d6f028b456f"
            }
         ]
      ],
      "LabYellowkeycard":[
         [
            {
               "count":100,
               "_tpl":"5449016a4bdc2d6f028b456f"
            }
         ]
      ],
      "Markedkey":[
         [
            {
               "count":100,
               "_tpl":"5449016a4bdc2d6f028b456f"
            }
         ]
      ],
      "Militarybasecheckpointkey":[
         [
            {
               "count":100,
               "_tpl":"5449016a4bdc2d6f028b456f"
            }
         ]
      ],
      "Object11SRkeycard":[
         [
            {
               "count":100,
               "_tpl":"5449016a4bdc2d6f028b456f"
            }
         ]
      ],
      "Object21WSkeycard":[
         [
            {
               "count":100,
               "_tpl":"5449016a4bdc2d6f028b456f"
            }
         ]
      ],
      "Office104Westwingkey":[
         [
            {
               "count":100,
               "_tpl":"5449016a4bdc2d6f028b456f"
            }
         ]
      ],
      "Office107Eastwingkey":[
         [
            {
               "count":100,
               "_tpl":"5449016a4bdc2d6f028b456f"
            }
         ]
      ],
      "Office108Eastwingkey":[
         [
            {
               "count":100,
               "_tpl":"5449016a4bdc2d6f028b456f"
            }
         ]
      ],
      "Office112Westwingkey":[
         [
            {
               "count":100,
               "_tpl":"5449016a4bdc2d6f028b456f"
            }
         ]
      ],
      "Portablecabinkey":[
         [
            {
               "count":100,
               "_tpl":"5449016a4bdc2d6f028b456f"
            }
         ]
      ],
      "RBAKkey":[
         [
            {
               "count":100,
               "_tpl":"5449016a4bdc2d6f028b456f"
            }
         ]
      ],
      "RBAMkey":[
         [
            {
               "count":100,
               "_tpl":"5449016a4bdc2d6f028b456f"
            }
         ]
      ],
      "RBAOkey":[
         [
            {
               "count":100,
               "_tpl":"5449016a4bdc2d6f028b456f"
            }
         ]
      ],
      "RBBKkey":[
         [
            {
               "count":100,
               "_tpl":"5449016a4bdc2d6f028b456f"
            }
         ]
      ],
      "RBGNkey":[
         [
            {
               "count":100,
               "_tpl":"5449016a4bdc2d6f028b456f"
            }
         ]
      ],
      "RBKORLkey":[
         [
            {
               "count":100,
               "_tpl":"5449016a4bdc2d6f028b456f"
            }
         ]
      ],
      "RBKPRLkey":[
         [
            {
               "count":100,
               "_tpl":"5449016a4bdc2d6f028b456f"
            }
         ]
      ],
      "RBKSMkey":[
         [
            {
               "count":100,
               "_tpl":"5449016a4bdc2d6f028b456f"
            }
         ]
      ],
      "RBMP11key":[
         [
            {
               "count":100,
               "_tpl":"5449016a4bdc2d6f028b456f"
            }
         ]
      ],
      "RBMP12key":[
         [
            {
               "count":100,
               "_tpl":"5449016a4bdc2d6f028b456f"
            }
         ]
      ],
      "RBMP21key":[
         [
            {
               "count":100,
               "_tpl":"5449016a4bdc2d6f028b456f"
            }
         ]
      ],
      "RBMP22key":[
         [
            {
               "count":100,
               "_tpl":"5449016a4bdc2d6f028b456f"
            }
         ]
      ],
      "RBOBkey":[
         [
            {
               "count":100,
               "_tpl":"5449016a4bdc2d6f028b456f"
            }
         ]
      ],
      "RBOPkey":[
         [
            {
               "count":100,
               "_tpl":"5449016a4bdc2d6f028b456f"
            }
         ]
      ],
      "RBORB1key":[
         [
            {
               "count":100,
               "_tpl":"5449016a4bdc2d6f028b456f"
            }
         ]
      ],
      "RBORB2key":[
         [
            {
               "count":100,
               "_tpl":"5449016a4bdc2d6f028b456f"
            }
         ]
      ],
      "RBORB3key":[
         [
            {
               "count":100,
               "_tpl":"5449016a4bdc2d6f028b456f"
            }
         ]
      ],
      "RBPKPMkey":[
         [
            {
               "count":100,
               "_tpl":"5449016a4bdc2d6f028b456f"
            }
         ]
      ],
      "RBPPkey":[
         [
            {
               "count":100,
               "_tpl":"5449016a4bdc2d6f028b456f"
            }
         ]
      ],
      "RBPS81key":[
         [
            {
               "count":100,
               "_tpl":"5449016a4bdc2d6f028b456f"
            }
         ]
      ],
      "RBPS82key":[
         [
            {
               "count":100,
               "_tpl":"5449016a4bdc2d6f028b456f"
            }
         ]
      ],
      "RBPSP1key":[
         [
            {
               "count":100,
               "_tpl":"5449016a4bdc2d6f028b456f"
            }
         ]
      ],
      "RBPSP2key":[
         [
            {
               "count":100,
               "_tpl":"5449016a4bdc2d6f028b456f"
            }
         ]
      ],
      "RBRHkey":[
         [
            {
               "count":100,
               "_tpl":"5449016a4bdc2d6f028b456f"
            }
         ]
      ],
      "RBRLSSAkey":[
         [
            {
               "count":100,
               "_tpl":"5449016a4bdc2d6f028b456f"
            }
         ]
      ],
      "RBRSkey":[
         [
            {
               "count":100,
               "_tpl":"5449016a4bdc2d6f028b456f"
            }
         ]
      ],
      "RBSMPkey":[
         [
            {
               "count":100,
               "_tpl":"5449016a4bdc2d6f028b456f"
            }
         ]
      ],
      "RBSTkey":[
         [
            {
               "count":100,
               "_tpl":"5449016a4bdc2d6f028b456f"
            }
         ]
      ],
      "RBTBkey":[
         [
            {
               "count":100,
               "_tpl":"5449016a4bdc2d6f028b456f"
            }
         ]
      ],
      "RBVOkey":[
         [
            {
               "count":100,
               "_tpl":"5449016a4bdc2d6f028b456f"
            }
         ]
      ],
      "Shturmankey":[
         [
            {
               "count":100,
               "_tpl":"5449016a4bdc2d6f028b456f"
            }
         ]
      ],
      "SMWcarkey":[
         [
            {
               "count":100,
               "_tpl":"5449016a4bdc2d6f028b456f"
            }
         ]
      ],
      "TerraGroupLabsaccesskeycard":[
         [
            {
               "count":100,
               "_tpl":"5449016a4bdc2d6f028b456f"
            }
         ]
      ],
      "Thekeytotheclosedpremisesofthesanatorium":[
         [
            {
               "count":100,
               "_tpl":"5449016a4bdc2d6f028b456f"
            }
         ]
      ],
      "Thekeytothegasstationstorageroom":[
         [
            {
               "count":100,
               "_tpl":"5449016a4bdc2d6f028b456f"
            }
         ]
      ],
      "ULTRAmedicalstoragekey":[
         [
            {
               "count":100,
               "_tpl":"5449016a4bdc2d6f028b456f"
            }
         ]
      ],
      "Unknownkey":[
         [
            {
               "count":100,
               "_tpl":"5449016a4bdc2d6f028b456f"
            }
         ]
      ],
      "USECstashonCustomskey":[
         [
            {
               "count":100,
               "_tpl":"5449016a4bdc2d6f028b456f"
            }
         ]
      ],
      "Weatherstationsafekey":[
         [
            {
               "count":100,
               "_tpl":"5449016a4bdc2d6f028b456f"
            }
         ]
      ],
      "Westwingroom203key":[
         [
            {
               "count":100,
               "_tpl":"5449016a4bdc2d6f028b456f"
            }
         ]
      ],
      "Westwingroom205key":[
         [
            {
               "count":100,
               "_tpl":"5449016a4bdc2d6f028b456f"
            }
         ]
      ],
      "Westwingroom207key":[
         [
            {
               "count":100,
               "_tpl":"5449016a4bdc2d6f028b456f"
            }
         ]
      ],
      "Westwingroom216key":[
         [
            {
               "count":100,
               "_tpl":"5449016a4bdc2d6f028b456f"
            }
         ]
      ],
      "Westwingroom218key":[
         [
            {
               "count":100,
               "_tpl":"5449016a4bdc2d6f028b456f"
            }
         ]
      ],
      "Westwingroom219key":[
         [
            {
               "count":100,
               "_tpl":"5449016a4bdc2d6f028b456f"
            }
         ]
      ],
      "Westwingroom220key":[
         [
            {
               "count":100,
               "_tpl":"5449016a4bdc2d6f028b456f"
            }
         ]
      ],
      "Westwingroom221key":[
         [
            {
               "count":100,
               "_tpl":"5449016a4bdc2d6f028b456f"
            }
         ]
      ],
      "Westwingroom222key":[
         [
            {
               "count":100,
               "_tpl":"5449016a4bdc2d6f028b456f"
            }
         ]
      ],
      "Westwingroom301key":[
         [
            {
               "count":100,
               "_tpl":"5449016a4bdc2d6f028b456f"
            }
         ]
      ],
      "Westwingroom303key":[
         [
            {
               "count":100,
               "_tpl":"5449016a4bdc2d6f028b456f"
            }
         ]
      ],
      "Westwingroom306key":[
         [
            {
               "count":100,
               "_tpl":"5449016a4bdc2d6f028b456f"
            }
         ]
      ],
      "Westwingroom309key":[
         [
            {
               "count":100,
               "_tpl":"5449016a4bdc2d6f028b456f"
            }
         ]
      ],
      "Westwingroom323key":[
         [
            {
               "count":100,
               "_tpl":"5449016a4bdc2d6f028b456f"
            }
         ]
      ],
      "Westwingroom325key":[
         [
            {
               "count":100,
               "_tpl":"5449016a4bdc2d6f028b456f"
            }
         ]
      ],
      "Yototacarkey":[
         [
            {
               "count":100,
               "_tpl":"5449016a4bdc2d6f028b456f"
            }
         ]
      ]
   },
   "loyal_level_items":{
	  "SICC":1,
	  "KeyTool":1,
	  "CabinetkeyInBag":1,
      "Cabinetkey":1,
      "Carkey":1,
      "Cottagebackentrancekey":1,
      "Cottagesafekey":1,
      "Customsofficekey":1,
      "Doorkey":1,
      "Dormguarddeskkey":1,
      "Dormroom103key":1,
      "Dormroom104Key":1,
      "Dormroom105Key":1,
      "Dormroom108Key":1,
      "Dormroom110Key":1,
      "Dormroom114Key":1,
      "Dormroom118Key":1,
      "Dormroom203Key":1,
      "Dormroom204Key":1,
      "Dormroom206Key":1,
      "Dormroom214Key":1,
      "Dormroom218Key":1,
      "Dormroom220Key":1,
      "Dormroom303Key":1,
      "Dormroom306Key":1,
      "Dormroom308Key":1,
      "Dormroom315Key":1,
      "Eastwingroom205key":1,
      "Eastwingroom206key":1,
      "Eastwingroom209key":1,
      "Eastwingroom213key":1,
      "Eastwingroom216key":1,
      "Eastwingroom222key":1,
      "Eastwingroom226key":1,
      "Eastwingroom306key":1,
      "Eastwingroom308key":1,
      "Eastwingroom310key":1,
      "Eastwingroom313key":1,
      "Eastwingroom314key":1,
      "Eastwingroom316key":1,
      "Eastwingroom322key":1,
      "Eastwingroom328key":1,
      "Factoryexitkey":1,
      "Gasstationsafekey":1,
      "Healthresortutilityroomkey":1,
      "Healthresortwarehousesafekey":1,
      "Keycardwithabluemarking":1,
      "KeytoEMERCOMmedicalunit":1,
      "KeytoGoshancashregister":1,
      "KeytoHEPstationstorage":1,
      "KeytoIDEAcashregister":1,
      "KeytoKIBAOutletgratedoor":1,
      "KeytoKIBAstoreoutlet":1,
      "KeytoOLIadministratoroffice":1,
      "KeytoOLIcashregister":1,
      "KeytoOLIlogisticsdepartmentoffice":1,
      "Keytopharmacy":1,
      "Keytostoresafe":1,
      "KeytoutilityroomofOLIoutlet":1,
      "Keytoutilityroomofpowersubstation":1,
      "Keywithtape":1,
      "KeyZB014":1,
      "LabBlackkeycard":1,
      "LabBluekeycard":1,
      "LabGreenkeycard":1,
      "LabkeyArsenalstorageroom":1,
      "LabkeyManageroffice":1,
      "LabkeyTestingareaweap":1,
      "LabRedkeycard":1,
      "LabVioletkeycard":1,
      "LabYellowkeycard":1,
      "Markedkey":1,
      "Militarybasecheckpointkey":1,
      "Object11SRkeycard":1,
      "Object21WSkeycard":1,
      "Office104Westwingkey":1,
      "Office107Eastwingkey":1,
      "Office108Eastwingkey":1,
      "Office112Westwingkey":1,
      "Portablecabinkey":1,
      "RBAKkey":1,
      "RBAMkey":1,
      "RBAOkey":1,
      "RBBKkey":1,
      "RBGNkey":1,
      "RBKORLkey":1,
      "RBKPRLkey":1,
      "RBKSMkey":1,
      "RBMP11key":1,
      "RBMP12key":1,
      "RBMP21key":1,
      "RBMP22key":1,
      "RBOBkey":1,
      "RBOPkey":1,
      "RBORB1key":1,
      "RBORB2key":1,
      "RBORB3key":1,
      "RBPKPMkey":1,
      "RBPPkey":1,
      "RBPS81key":1,
      "RBPS82key":1,
      "RBPSP1key":1,
      "RBPSP2key":1,
      "RBRHkey":1,
      "RBRLSSAkey":1,
      "RBRSkey":1,
      "RBSMPkey":1,
      "RBSTkey":1,
      "RBTBkey":1,
      "RBVOkey":1,
      "Shturmankey":1,
      "SMWcarkey":1,
      "TerraGroupLabsaccesskeycard":1,
      "Thekeytotheclosedpremisesofthesanatorium":1,
      "Thekeytothegasstationstorageroom":1,
      "ULTRAmedicalstoragekey":1,
      "Unknownkey":1,
      "USECstashonCustomskey":1,
      "Weatherstationsafekey":1,
      "Westwingroom203key":1,
      "Westwingroom205key":1,
      "Westwingroom207key":1,
      "Westwingroom216key":1,
      "Westwingroom218key":1,
      "Westwingroom219key":1,
      "Westwingroom220key":1,
      "Westwingroom221key":1,
      "Westwingroom222key":1,
      "Westwingroom301key":1,
      "Westwingroom303key":1,
      "Westwingroom306key":1,
      "Westwingroom309key":1,
      "Westwingroom323key":1,
      "Westwingroom325key":1,
      "Yototacarkey":1
   }
}