[
	{
		"_id": "5d1f555f86f7744bcb0acd0e",
		"tid": "5ac3b934156ae10c4430e83c",
		"suiteId": "5cd945d71388ce000a659dfb",
		"isActive": true,
		"requirements": {
			"loyaltyLevel": 1,
			"profileLevel": 0,
			"standing": 0,
			"skillRequirements": [],
			"questRequirements": [],
			"itemRequirements": []
		}
	},
	{
		"_id": "5d1f555086f7744bcd134594",
		"tid": "5ac3b934156ae10c4430e83c",
		"suiteId": "5cd946231388ce000d572fe3",
		"isActive": true,
		"requirements": {
			"loyaltyLevel": 1,
			"profileLevel": 0,
			"standing": 0,
			"skillRequirements": [],
			"questRequirements": [],
			"itemRequirements": []
		}
	},
	{
		"_id": "5d1f55b486f7743f8362bcca",
		"tid": "5ac3b934156ae10c4430e83c",
		"suiteId": "5cde9e957d6c8b0474535da7",
		"isActive": true,
		"requirements": {
			"loyaltyLevel": 1,
			"profileLevel": 0,
			"standing": 0,
			"skillRequirements": [],
			"questRequirements": [],
			"itemRequirements": []
		}
	},
	{
		"_id": "5d1f55c686f7744bcd134599",
		"tid": "5ac3b934156ae10c4430e83c",
		"suiteId": "5cde9ec17d6c8b04723cf479",
		"isActive": true,
		"requirements": {
			"loyaltyLevel": 1,
			"profileLevel": 0,
			"standing": 0,
			"skillRequirements": [],
			"questRequirements": [],
			"itemRequirements": []
		}
	},
	{
		"_id": "5df8ea2d86f77412640e2ea6",
		"tid": "5ac3b934156ae10c4430e83c",
		"suiteId": "5cdea42e7d6c8b0474535dad",
		"isActive": true,
		"requirements": {
			"loyaltyLevel": 1,
			"profileLevel": 1,
			"standing": 0,
			"skillRequirements": [],
			"questRequirements": [
				"5dc53acb86f77469c740c893"
			],
			"itemRequirements": [
				{
					"count": 4000000,
					"_tpl": "5449016a4bdc2d6f028b456f",
					"onlyFunctional": true
				}
			]
		}
	},
	{
		"_id": "5d1f65e586f7744bce0ef714",
		"tid": "5ac3b934156ae10c4430e83c",
		"suiteId": "5d1f609d86f7744bca3f1689",
		"isActive": true,
		"requirements": {
			"loyaltyLevel": 1,
			"profileLevel": 1,
			"standing": 0,
			"skillRequirements": [],
			"questRequirements": [],
			"itemRequirements": [
				{
					"count": 300000,
					"_tpl": "5449016a4bdc2d6f028b456f",
					"onlyFunctional": true
				}
			]
		}
	},
	{
		"_id": "5d1f661686f7744bcb0adfb5",
		"tid": "5ac3b934156ae10c4430e83c",
		"suiteId": "5d1f60ae86f7744bcc04998b",
		"isActive": true,
		"requirements": {
			"loyaltyLevel": 1,
			"profileLevel": 1,
			"standing": 0,
			"skillRequirements": [],
			"questRequirements": [],
			"itemRequirements": [
				{
					"count": 25000,
					"_tpl": "5449016a4bdc2d6f028b456f",
					"onlyFunctional": true
				}
			]
		}
	},
	{
		"_id": "5d1f663686f7744bce0ef716",
		"tid": "5ac3b934156ae10c4430e83c",
		"suiteId": "5d1f60b486f7744bcb0adfa8",
		"isActive": true,
		"requirements": {
			"loyaltyLevel": 1,
			"profileLevel": 1,
			"standing": 0,
			"skillRequirements": [],
			"questRequirements": [],
			"itemRequirements": [
				{
					"count": 140000,
					"_tpl": "5449016a4bdc2d6f028b456f",
					"onlyFunctional": true
				}
			]
		}
	},
	{
		"_id": "5d1f665686f7744bce0ef717",
		"tid": "5ac3b934156ae10c4430e83c",
		"suiteId": "5d1f60ca86f7743014163025",
		"isActive": true,
		"requirements": {
			"loyaltyLevel": 1,
			"profileLevel": 1,
			"standing": 0,
			"skillRequirements": [],
			"questRequirements": [],
			"itemRequirements": [
				{
					"count": 160000,
					"_tpl": "5449016a4bdc2d6f028b456f",
					"onlyFunctional": true
				}
			]
		}
	},
	{
		"_id": "5d1f667786f7744b36437b77",
		"tid": "5ac3b934156ae10c4430e83c",
		"suiteId": "5d1f60f086f7744bce0ef704",
		"isActive": true,
		"requirements": {
			"loyaltyLevel": 1,
			"profileLevel": 1,
			"standing": 0,
			"skillRequirements": [],
			"questRequirements": [],
			"itemRequirements": [
				{
					"count": 80000,
					"_tpl": "5449016a4bdc2d6f028b456f",
					"onlyFunctional": true
				}
			]
		}
	},
	{
		"_id": "5d1f676a86f7744bcc04a2c2",
		"tid": "5ac3b934156ae10c4430e83c",
		"suiteId": "5d1f622186f7744bca3f168c",
		"isActive": true,
		"requirements": {
			"loyaltyLevel": 1,
			"profileLevel": 1,
			"standing": 0,
			"skillRequirements": [],
			"questRequirements": [],
			"itemRequirements": [
				{
					"count": 75000,
					"_tpl": "5449016a4bdc2d6f028b456f",
					"onlyFunctional": true
				}
			]
		}
	},
	{
		"_id": "5d1f677f86f7744bce0f0690",
		"tid": "5ac3b934156ae10c4430e83c",
		"suiteId": "5d1f622e86f7744bcc04998c",
		"isActive": true,
		"requirements": {
			"loyaltyLevel": 1,
			"profileLevel": 1,
			"standing": 0,
			"skillRequirements": [],
			"questRequirements": [],
			"itemRequirements": [
				{
					"count": 130000,
					"_tpl": "5449016a4bdc2d6f028b456f",
					"onlyFunctional": true
				}
			]
		}
	},
	{
		"_id": "5d1f679186f7744a9b5031be",
		"tid": "5ac3b934156ae10c4430e83c",
		"suiteId": "5d1f623386f7744bcd135833",
		"isActive": true,
		"requirements": {
			"loyaltyLevel": 1,
			"profileLevel": 1,
			"standing": 0,
			"skillRequirements": [],
			"questRequirements": [],
			"itemRequirements": [
				{
					"count": 310000,
					"_tpl": "5449016a4bdc2d6f028b456f",
					"onlyFunctional": true
				}
			]
		}
	},
	{
		"_id": "5d1f67a286f7744b376c8741",
		"tid": "5ac3b934156ae10c4430e83c",
		"suiteId": "5d1f623886f7743014163027",
		"isActive": true,
		"requirements": {
			"loyaltyLevel": 1,
			"profileLevel": 45,
			"standing": 0,
			"skillRequirements": [],
			"questRequirements": [],
			"itemRequirements": [
				{
					"count": 400000,
					"_tpl": "5449016a4bdc2d6f028b456f",
					"onlyFunctional": true
				}
			]
		}
	},
	{
		"_id": "5d1f67b386f7744b381c7976",
		"tid": "5ac3b934156ae10c4430e83c",
		"suiteId": "5d1f623e86f7744bce0ef705",
		"isActive": true,
		"requirements": {
			"loyaltyLevel": 1,
			"profileLevel": 7,
			"standing": 0,
			"skillRequirements": [],
			"questRequirements": [],
			"itemRequirements": [
				{
					"count": 40000,
					"_tpl": "5449016a4bdc2d6f028b456f",
					"onlyFunctional": true
				}
			]
		}
	},
	{
		"_id": "5d1f669086f7744bcd135848",
		"tid": "5ac3b934156ae10c4430e83c",
		"suiteId": "5d1f646286f7744bce0ef70a",
		"isActive": true,
		"requirements": {
			"loyaltyLevel": 1,
			"profileLevel": 28,
			"standing": 0,
			"skillRequirements": [],
			"questRequirements": [],
			"itemRequirements": [
				{
					"count": 150000,
					"_tpl": "5449016a4bdc2d6f028b456f",
					"onlyFunctional": true
				}
			]
		}
	},
	{
		"_id": "5d1f66d886f7744a9b5031a7",
		"tid": "5ac3b934156ae10c4430e83c",
		"suiteId": "5d1f646c86f7743f8362cf3f",
		"isActive": true,
		"requirements": {
			"loyaltyLevel": 1,
			"profileLevel": 30,
			"standing": 0,
			"skillRequirements": [],
			"questRequirements": [],
			"itemRequirements": [
				{
					"count": 145000,
					"_tpl": "5449016a4bdc2d6f028b456f",
					"onlyFunctional": true
				}
			]
		}
	},
	{
		"_id": "5d1f66f686f7744bcb0ae328",
		"tid": "5ac3b934156ae10c4430e83c",
		"suiteId": "5d1f647186f7744bce0ef70c",
		"isActive": true,
		"requirements": {
			"loyaltyLevel": 1,
			"profileLevel": 7,
			"standing": 0,
			"skillRequirements": [],
			"questRequirements": [],
			"itemRequirements": [
				{
					"count": 30000,
					"_tpl": "5449016a4bdc2d6f028b456f",
					"onlyFunctional": true
				}
			]
		}
	},
	{
		"_id": "5d1f671486f7744bcc04a2c0",
		"tid": "5ac3b934156ae10c4430e83c",
		"suiteId": "5d1f647586f7744bcb0adfb0",
		"isActive": true,
		"requirements": {
			"loyaltyLevel": 1,
			"profileLevel": 35,
			"standing": 0,
			"skillRequirements": [],
			"questRequirements": [],
			"itemRequirements": [
				{
					"count": 240000,
					"_tpl": "5449016a4bdc2d6f028b456f",
					"onlyFunctional": true
				}
			]
		}
	},
	{
		"_id": "5d1f673086f7744bcb0ae333",
		"tid": "5ac3b934156ae10c4430e83c",
		"suiteId": "5d1f647a86f7744bca3f1691",
		"isActive": true,
		"requirements": {
			"loyaltyLevel": 1,
			"profileLevel": 14,
			"standing": 0,
			"skillRequirements": [],
			"questRequirements": [],
			"itemRequirements": [
				{
					"count": 80000,
					"_tpl": "5449016a4bdc2d6f028b456f",
					"onlyFunctional": true
				}
			]
		}
	},
	{
		"_id": "5d1f67ce86f7743014164295",
		"tid": "5ac3b934156ae10c4430e83c",
		"suiteId": "5d1f647f86f7744bcc04998f",
		"isActive": true,
		"requirements": {
			"loyaltyLevel": 1,
			"profileLevel": 28,
			"standing": 0,
			"skillRequirements": [],
			"questRequirements": [],
			"itemRequirements": [
				{
					"count": 150000,
					"_tpl": "5449016a4bdc2d6f028b456f",
					"onlyFunctional": true
				}
			]
		}
	},
	{
		"_id": "5d1f67e886f7743f8362db01",
		"tid": "5ac3b934156ae10c4430e83c",
		"suiteId": "5d1f648a86f7744bcd135841",
		"isActive": true,
		"requirements": {
			"loyaltyLevel": 1,
			"profileLevel": 38,
			"standing": 0,
			"skillRequirements": [],
			"questRequirements": [],
			"itemRequirements": [
				{
					"count": 230000,
					"_tpl": "5449016a4bdc2d6f028b456f",
					"onlyFunctional": true
				}
			]
		}
	},
	{
		"_id": "5d1f67f786f7744bce0f0694",
		"tid": "5ac3b934156ae10c4430e83c",
		"suiteId": "5d1f648e86f774301416302b",
		"isActive": true,
		"requirements": {
			"loyaltyLevel": 1,
			"profileLevel": 16,
			"standing": 0,
			"skillRequirements": [],
			"questRequirements": [],
			"itemRequirements": [
				{
					"count": 100000,
					"_tpl": "5449016a4bdc2d6f028b456f",
					"onlyFunctional": true
				}
			]
		}
	},
	{
		"_id": "5d1f680486f7744bcd136402",
		"tid": "5ac3b934156ae10c4430e83c",
		"suiteId": "5d1f649286f7743f8362cf40",
		"isActive": true,
		"requirements": {
			"loyaltyLevel": 1,
			"profileLevel": 6,
			"standing": 0,
			"skillRequirements": [],
			"questRequirements": [],
			"itemRequirements": [
				{
					"count": 25000,
					"_tpl": "5449016a4bdc2d6f028b456f",
					"onlyFunctional": true
				}
			]
		}
	},
	{
		"_id": "5d1f682a86f7744b376c8747",
		"tid": "5ac3b934156ae10c4430e83c",
		"suiteId": "5d1f649886f7744bce0ef70d",
		"isActive": true,
		"requirements": {
			"loyaltyLevel": 1,
			"profileLevel": 36,
			"standing": 0,
			"skillRequirements": [],
			"questRequirements": [],
			"itemRequirements": [
				{
					"count": 230000,
					"_tpl": "5449016a4bdc2d6f028b456f",
					"onlyFunctional": true
				}
			]
		}
	},
	{
		"_id": "5d4da2cd86f77450fb2fb718",
		"tid": "5ac3b934156ae10c4430e83c",
		"suiteId": "5d4da10986f77450fc65edc3",
		"isActive": true,
		"requirements": {
			"loyaltyLevel": 1,
			"profileLevel": 31,
			"standing": 0,
			"skillRequirements": [],
			"questRequirements": [],
			"itemRequirements": [
				{
					"count": 155000,
					"_tpl": "5449016a4bdc2d6f028b456f",
					"onlyFunctional": true
				}
			]
		}
	},
	{
		"_id": "5df8e8e086f774570a4e6714",
		"tid": "5ac3b934156ae10c4430e83c",
		"suiteId": "5df8e5c886f7744a122d6834",
		"isActive": true,
		"requirements": {
			"loyaltyLevel": 1,
			"profileLevel": 45,
			"standing": 0,
			"skillRequirements": [],
			"questRequirements": [],
			"itemRequirements": [
				{
					"count": 400000,
					"_tpl": "5449016a4bdc2d6f028b456f",
					"onlyFunctional": true
				}
			]
		}
	},
	{
		"_id": "5df8e9aa86f77412672a1e4a",
		"tid": "5ac3b934156ae10c4430e83c",
		"suiteId": "5df8e72186f7741263108806",
		"isActive": true,
		"requirements": {
			"loyaltyLevel": 1,
			"profileLevel": 43,
			"standing": 0,
			"skillRequirements": [],
			"questRequirements": [],
			"itemRequirements": [
				{
					"count": 350000,
					"_tpl": "5449016a4bdc2d6f028b456f",
					"onlyFunctional": true
				}
			]
		}
	},
	{
		"_id": "5df8e9de86f774530571b134",
		"tid": "5ac3b934156ae10c4430e83c",
		"suiteId": "5df8e75786f7745c67099df4",
		"isActive": true,
		"requirements": {
			"loyaltyLevel": 1,
			"profileLevel": 43,
			"standing": 0,
			"skillRequirements": [],
			"questRequirements": [],
			"itemRequirements": [
				{
					"count": 350000,
					"_tpl": "5449016a4bdc2d6f028b456f",
					"onlyFunctional": true
				}
			]
		}
	},
	{
		"_id": "5e4bc01086f77406a511c9da",
		"tid": "5ac3b934156ae10c4430e83c",
		"suiteId": "5e4bb08f86f774069619fbbc",
		"isActive": true,
		"requirements": {
			"loyaltyLevel": 1,
			"profileLevel": 50,
			"standing": 0,
			"skillRequirements": [],
			"questRequirements": [],
			"itemRequirements": [
				{
					"count": 1500000,
					"_tpl": "5449016a4bdc2d6f028b456f",
					"onlyFunctional": true
				}
			]
		}
	},
	{
		"_id": "5e4bc06586f77406801a74fc",
		"tid": "5ac3b934156ae10c4430e83c",
		"suiteId": "5e4bb5e486f77406796b7b9e",
		"isActive": true,
		"requirements": {
			"loyaltyLevel": 1,
			"profileLevel": 47,
			"standing": 0,
			"skillRequirements": [],
			"questRequirements": [
				"5e4d515e86f77438b2195244"
			],
			"itemRequirements": [
				{
					"count": 500000,
					"_tpl": "5449016a4bdc2d6f028b456f",
					"onlyFunctional": true
				}
			]
		}
	},
	{
		"_id": "5e4bbf4786f774069342dece",
		"tid": "5ac3b934156ae10c4430e83c",
		"suiteId": "5e4bb6d786f77406975c9364",
		"isActive": true,
		"requirements": {
			"loyaltyLevel": 1,
			"profileLevel": 47,
			"standing": 0,
			"skillRequirements": [],
			"questRequirements": [
				"5e381b0286f77420e3417a74"
			],
			"itemRequirements": [
				{
					"count": 500000,
					"_tpl": "5449016a4bdc2d6f028b456f",
					"onlyFunctional": true
				}
			]
		}
	},
	{
		"_id": "5e4bbfb386f77406a46f724e",
		"tid": "5ac3b934156ae10c4430e83c",
		"suiteId": "5e4bb6fc86f77406801a74f7",
		"isActive": true,
		"requirements": {
			"loyaltyLevel": 1,
			"profileLevel": 47,
			"standing": 0,
			"skillRequirements": [],
			"questRequirements": [
				"5e383a6386f77465910ce1f3"
			],
			"itemRequirements": [
				{
					"count": 450000,
					"_tpl": "5449016a4bdc2d6f028b456f",
					"onlyFunctional": true
				}
			]
		}
	},
	{
		"_id": "5e9de3afb307c025d5777ae8",
		"tid": "5ac3b934156ae10c4430e83c",
		"suiteId": "5e9dcb8386f774054b6f79a9",
		"isActive": true,
		"requirements": {
			"loyaltyLevel": 1,
			"profileLevel": 47,
			"standing": 0,
			"skillRequirements": [],
			"questRequirements": [
				"5e4d4ac186f774264f758336"
			],
			"itemRequirements": [
				{
					"count": 450000,
					"_tpl": "5449016a4bdc2d6f028b456f",
					"onlyFunctional": true
				}
			]
		}
	},
	{
		"_id": "5e9de352bd907058554c6b1f",
		"tid": "5ac3b934156ae10c4430e83c",
		"suiteId": "5e9dcb9c86f7743e20652f25",
		"isActive": true,
		"requirements": {
			"loyaltyLevel": 1,
			"profileLevel": 50,
			"standing": 0,
			"skillRequirements": [],
			"questRequirements": [],
			"itemRequirements": [
				{
					"count": 1500000,
					"_tpl": "5449016a4bdc2d6f028b456f",
					"onlyFunctional": true
				}
			]
		}
	},
	{
		"_id": "5e9de4739c4b4508e90cd336",
		"tid": "5ac3b934156ae10c4430e83c",
		"suiteId": "5e9dcc8a86f77434375990e2",
		"isActive": true,
		"requirements": {
			"loyaltyLevel": 1,
			"profileLevel": 47,
			"standing": 0,
			"skillRequirements": [],
			"questRequirements": [],
			"itemRequirements": [
				{
					"count": 300000,
					"_tpl": "5449016a4bdc2d6f028b456f",
					"onlyFunctional": true
				}
			]
		}
	},
	{
		"_id": "5e9de4bfbd907058554c6b26",
		"tid": "5ac3b934156ae10c4430e83c",
		"suiteId": "5e9dccd686f774343b592592",
		"isActive": true,
		"requirements": {
			"loyaltyLevel": 1,
			"profileLevel": 1,
			"standing": 0,
			"skillRequirements": [],
			"questRequirements": [],
			"itemRequirements": [
				{
					"count": 300000,
					"_tpl": "5449016a4bdc2d6f028b456f",
					"onlyFunctional": true
				}
			]
		}
	},
	{
		"_id": "5f5f604a354701500f60f789",
		"tid": "5ac3b934156ae10c4430e83c",
		"suiteId": "5f5f471bdf4f3100376a815e",
		"isActive": true,
		"requirements": {
			"loyaltyLevel": 1,
			"profileLevel": 55,
			"standing": 0,
			"skillRequirements": [],
			"questRequirements": [],
			"itemRequirements": [
				{
					"count": 2000000,
					"_tpl": "5449016a4bdc2d6f028b456f",
					"onlyFunctional": true
				}
			]
		}
	},
	{
		"_id": "5f5f60b20bc58666c37e7847",
		"tid": "5ac3b934156ae10c4430e83c",
		"suiteId": "5f5f46086760b4138443b358",
		"isActive": true,
		"requirements": {
			"loyaltyLevel": 1,
			"profileLevel": 52,
			"standing": 0,
			"skillRequirements": [],
			"questRequirements": [],
			"itemRequirements": [
				{
					"count": 1750000,
					"_tpl": "5449016a4bdc2d6f028b456f",
					"onlyFunctional": true
				}
			]
		}
	},
	{
		"_id": "5f5f61313236973dbf149055",
		"tid": "5ac3b934156ae10c4430e83c",
		"suiteId": "5f5f46fa5021ce62144be7bd",
		"isActive": true,
		"requirements": {
			"loyaltyLevel": 1,
			"profileLevel": 52,
			"standing": 0,
			"skillRequirements": [],
			"questRequirements": [],
			"itemRequirements": [
				{
					"count": 1500000,
					"_tpl": "5449016a4bdc2d6f028b456f",
					"onlyFunctional": true
				}
			]
		}
	},
	{
		"_id": "5f5f6160354701500f60f78c",
		"tid": "5ac3b934156ae10c4430e83c",
		"suiteId": "5f5f45df0bc58666c37e7832",
		"isActive": true,
		"requirements": {
			"loyaltyLevel": 1,
			"profileLevel": 55,
			"standing": 0,
			"skillRequirements": [],
			"questRequirements": [],
			"itemRequirements": [
				{
					"count": 2000000,
					"_tpl": "5449016a4bdc2d6f028b456f",
					"onlyFunctional": true
				}
			]
		}
	},
	{
		"_id": "killa_lower_suite",
		"tid": "5ac3b934156ae10c4430e83c",
		"suiteId": "5cdea3f87d6c8b647a3769b2",
		"isActive": true,
		"requirements": {
			"loyaltyLevel": 1,
			"profileLevel": 0,
			"standing": 0,
			"skillRequirements": [],
			"questRequirements": [
				"5dc53acb86f77469c740c893"
			],
			"itemRequirements": [
				{
					"count": 4000000,
					"_tpl": "5449016a4bdc2d6f028b456f",
					"onlyFunctional": true
				}
			]
		}
	},
	{
		"_id": "Borey_upper_offer",
		"tid": "5ac3b934156ae10c4430e83c",
		"suiteId": "5fd3e7e2dd870108a754b230",
		"isActive": true,
		"requirements": {
			"loyaltyLevel": 1,
			"profileLevel": 1,
			"standing": 0,
			"skillRequirements": [],
			"questRequirements": [],
			"itemRequirements": [
				{
					"count": 150000,
					"_tpl": "5449016a4bdc2d6f028b456f",
					"onlyFunctional": true
				}
			]
		}
	},
	{
		"_id": "top_usec_nightpatrol",
		"tid": "5ac3b934156ae10c4430e83c",
		"suiteId": "5fcf9477fe40296c1d5fd7c8",
		"isActive": true,
		"requirements": {
			"loyaltyLevel": 1,
			"profileLevel": 35,
			"standing": 0,
			"skillRequirements": [],
			"questRequirements": [],
			"itemRequirements": [
				{
					"count": 190000,
					"_tpl": "5449016a4bdc2d6f028b456f",
					"onlyFunctional": true
				}
			]
		}
	},
	{
		"_id": "bear_termo_offer",
		"tid": "5ac3b934156ae10c4430e83c",
		"suiteId": "5fd3e8e5bdd50d684f73a51d",
		"isActive": true,
		"requirements": {
			"loyaltyLevel": 1,
			"profileLevel": 11,
			"standing": 0,
			"skillRequirements": [],
			"questRequirements": [],
			"itemRequirements": [
				{
					"count": 55000,
					"_tpl": "5449016a4bdc2d6f028b456f",
					"onlyFunctional": true
				}
			]
		}
	},
	{
		"_id": "usec_kit_upper_acu",
		"tid": "5ac3b934156ae10c4430e83c",
		"suiteId": "5fd3e978e504291efd0040b3",
		"isActive": true,
		"requirements": {
			"loyaltyLevel": 1,
			"profileLevel": 18,
			"standing": 0,
			"skillRequirements": [],
			"questRequirements": [],
			"itemRequirements": [
				{
					"count": 90000,
					"_tpl": "5449016a4bdc2d6f028b456f",
					"onlyFunctional": true
				}
			]
		}
	},
	{
		"_id": "usec_kit_upper_tier3",
		"tid": "5ac3b934156ae10c4430e83c",
		"suiteId": "5fd3e77be504291efd0040ad",
		"isActive": true,
		"requirements": {
			"loyaltyLevel": 1,
			"profileLevel": 23,
			"standing": 0,
			"skillRequirements": [],
			"questRequirements": [],
			"itemRequirements": [
				{
					"count": 125000,
					"_tpl": "5449016a4bdc2d6f028b456f",
					"onlyFunctional": true
				}
			]
		}
	},
	{
		"_id": "SRVV_PANTS_BSG",
		"tid": "5ac3b934156ae10c4430e83c",
		"suiteId": "5fce42bc187e6a2b994b8247",
		"isActive": true,
		"requirements": {
			"loyaltyLevel": 1,
			"profileLevel": 19,
			"standing": 0,
			"skillRequirements": [],
			"questRequirements": [],
			"itemRequirements": [
				{
					"count": 100000,
					"_tpl": "5449016a4bdc2d6f028b456f",
					"onlyFunctional": true
				}
			]
		}
	}
]